Proposal_ID,Title,Novelty_Score,Funding_Score,Feasibility_Score,Evaluation_Score
N003,Reinforcement Learning in Robotics,0.72692275,0.22222222222222232,0.07407407407407407,0.5028203467528025
N002,Blockchain for Supply Chain Management,0.7534248,0.11111111111111116,0.07407407407407407,0.49094380670123633
N005,Quantum Computing Algorithms,0.7850919,0.0,0.037037037037037035,0.476610705587599
N001,Deep Learning for Medical Imaging,0.6523575,0.0,0.037037037037037035,0.39697007868025036
N004,Computer Vision for Autonomous Vehicles,0.54216856,0.0,0.07407407407407407,0.33641225165790983
